{"Training variance explained": 32.989576660267005, "Test variance explained": 32.03532587187918}